_id,ltable_id,rtable_id
0,534,1
1,534,12
2,534,31
3,534,33
4,534,40
5,534,42
6,534,43
7,534,48
8,534,80
9,534,107
10,534,166
11,534,175
12,534,192
13,534,209
14,534,215
15,535,1
16,535,12
17,535,31
18,535,33
19,535,40
20,535,42
21,535,43
22,535,48
23,535,80
24,535,107
25,535,166
26,535,175
27,535,192
28,535,209
29,535,215
30,538,1
31,538,12
32,538,31
33,538,33
34,538,40
35,538,42
36,538,43
37,538,48
38,538,80
39,538,107
40,538,166
41,538,175
42,538,192
43,538,209
44,538,215
45,541,1
46,541,12
47,541,31
48,541,33
49,541,40
50,541,42
51,541,43
52,541,48
53,541,80
54,541,107
55,541,166
56,541,175
57,541,192
58,541,209
59,541,215
60,543,1
61,543,12
62,543,31
63,543,33
64,543,40
65,543,42
66,543,43
67,543,48
68,543,80
69,543,107
70,543,166
71,543,175
72,543,192
73,543,209
74,543,215
75,549,1
76,549,12
77,549,31
78,549,33
79,549,40
80,549,42
81,549,43
82,549,48
83,549,80
84,549,107
85,549,166
86,549,175
87,549,192
88,549,209
89,549,215
90,551,1
91,551,12
92,551,31
93,551,33
94,551,40
95,551,42
96,551,43
97,551,48
98,551,80
99,551,107
100,551,166
101,551,175
102,551,192
103,551,209
104,551,215
105,557,1
106,557,12
107,557,31
108,557,33
109,557,40
110,557,42
111,557,43
112,557,48
113,557,80
114,557,107
115,557,166
116,557,175
117,557,192
118,557,209
119,557,215
120,559,1
121,559,12
122,559,31
123,559,33
124,559,40
125,559,42
126,559,43
127,559,48
128,559,80
129,559,107
130,559,166
131,559,175
132,559,192
133,559,209
134,559,215
135,564,1
136,564,12
137,564,31
138,564,33
139,564,40
140,564,42
141,564,43
142,564,48
143,564,80
144,564,107
145,564,166
146,564,175
147,564,192
148,564,209
149,564,215
150,568,1
151,568,12
152,568,31
153,568,33
154,568,40
155,568,42
156,568,43
157,568,48
158,568,80
159,568,107
160,568,166
161,568,175
162,568,192
163,568,209
164,568,215
165,569,1
166,569,12
167,569,31
168,569,33
169,569,40
170,569,42
171,569,43
172,569,48
173,569,80
174,569,107
175,569,166
176,569,175
177,569,192
178,569,209
179,569,215
180,570,1
181,570,12
182,570,31
183,570,33
184,570,40
185,570,42
186,570,43
187,570,48
188,570,80
189,570,107
190,570,166
191,570,175
192,570,192
193,570,209
194,570,215
195,572,1
196,572,12
197,572,31
198,572,33
199,572,40
200,572,42
201,572,43
202,572,48
203,572,80
204,572,107
205,572,166
206,572,175
207,572,192
208,572,209
209,572,215
210,577,1
211,577,12
212,577,31
213,577,33
214,577,40
215,577,42
216,577,43
217,577,48
218,577,80
219,577,107
220,577,166
221,577,175
222,577,192
223,577,209
224,577,215
225,580,1
226,580,12
227,580,31
228,580,33
229,580,40
230,580,42
231,580,43
232,580,48
233,580,80
234,580,107
235,580,166
236,580,175
237,580,192
238,580,209
239,580,215
240,581,1
241,581,12
242,581,31
243,581,33
244,581,40
245,581,42
246,581,43
247,581,48
248,581,80
249,581,107
250,581,166
251,581,175
252,581,192
253,581,209
254,581,215
255,585,1
256,585,12
257,585,31
258,585,33
259,585,40
260,585,42
261,585,43
262,585,48
263,585,80
264,585,107
265,585,166
266,585,175
267,585,192
268,585,209
269,585,215
270,590,1
271,590,12
272,590,31
273,590,33
274,590,40
275,590,42
276,590,43
277,590,48
278,590,80
279,590,107
280,590,166
281,590,175
282,590,192
283,590,209
284,590,215
285,595,1
286,595,12
287,595,31
288,595,33
289,595,40
290,595,42
291,595,43
292,595,48
293,595,80
294,595,107
295,595,166
296,595,175
297,595,192
298,595,209
299,595,215
300,596,1
301,596,12
302,596,31
303,596,33
304,596,40
305,596,42
306,596,43
307,596,48
308,596,80
309,596,107
310,596,166
311,596,175
312,596,192
313,596,209
314,596,215
315,597,1
316,597,12
317,597,31
318,597,33
319,597,40
320,597,42
321,597,43
322,597,48
323,597,80
324,597,107
325,597,166
326,597,175
327,597,192
328,597,209
329,597,215
330,599,1
331,599,12
332,599,31
333,599,33
334,599,40
335,599,42
336,599,43
337,599,48
338,599,80
339,599,107
340,599,166
341,599,175
342,599,192
343,599,209
344,599,215
345,600,1
346,600,12
347,600,31
348,600,33
349,600,40
350,600,42
351,600,43
352,600,48
353,600,80
354,600,107
355,600,166
356,600,175
357,600,192
358,600,209
359,600,215
360,610,1
361,610,12
362,610,31
363,610,33
364,610,40
365,610,42
366,610,43
367,610,48
368,610,80
369,610,107
370,610,166
371,610,175
372,610,192
373,610,209
374,610,215
375,612,1
376,612,12
377,612,31
378,612,33
379,612,40
380,612,42
381,612,43
382,612,48
383,612,80
384,612,107
385,612,166
386,612,175
387,612,192
388,612,209
389,612,215
390,614,1
391,614,12
392,614,31
393,614,33
394,614,40
395,614,42
396,614,43
397,614,48
398,614,80
399,614,107
400,614,166
401,614,175
402,614,192
403,614,209
404,614,215
405,615,1
406,615,12
407,615,31
408,615,33
409,615,40
410,615,42
411,615,43
412,615,48
413,615,80
414,615,107
415,615,166
416,615,175
417,615,192
418,615,209
419,615,215
420,630,1
421,630,12
422,630,31
423,630,33
424,630,40
425,630,42
426,630,43
427,630,48
428,630,80
429,630,107
430,630,166
431,630,175
432,630,192
433,630,209
434,630,215
435,632,1
436,632,12
437,632,31
438,632,33
439,632,40
440,632,42
441,632,43
442,632,48
443,632,80
444,632,107
445,632,166
446,632,175
447,632,192
448,632,209
449,632,215
450,636,1
451,636,12
452,636,31
453,636,33
454,636,40
455,636,42
456,636,43
457,636,48
458,636,80
459,636,107
460,636,166
461,636,175
462,636,192
463,636,209
464,636,215
465,643,1
466,643,12
467,643,31
468,643,33
469,643,40
470,643,42
471,643,43
472,643,48
473,643,80
474,643,107
475,643,166
476,643,175
477,643,192
478,643,209
479,643,215
480,644,1
481,644,12
482,644,31
483,644,33
484,644,40
485,644,42
486,644,43
487,644,48
488,644,80
489,644,107
490,644,166
491,644,175
492,644,192
493,644,209
494,644,215
495,650,1
496,650,12
497,650,31
498,650,33
499,650,40
500,650,42
501,650,43
502,650,48
503,650,80
504,650,107
505,650,166
506,650,175
507,650,192
508,650,209
509,650,215
510,654,1
511,654,12
512,654,31
513,654,33
514,654,40
515,654,42
516,654,43
517,654,48
518,654,80
519,654,107
520,654,166
521,654,175
522,654,192
523,654,209
524,654,215
525,659,1
526,659,12
527,659,31
528,659,33
529,659,40
530,659,42
531,659,43
532,659,48
533,659,80
534,659,107
535,659,166
536,659,175
537,659,192
538,659,209
539,659,215
540,670,1
541,670,12
542,670,31
543,670,33
544,670,40
545,670,42
546,670,43
547,670,48
548,670,80
549,670,107
550,670,166
551,670,175
552,670,192
553,670,209
554,670,215
555,672,1
556,672,12
557,672,31
558,672,33
559,672,40
560,672,42
561,672,43
562,672,48
563,672,80
564,672,107
565,672,166
566,672,175
567,672,192
568,672,209
569,672,215
570,673,1
571,673,12
572,673,31
573,673,33
574,673,40
575,673,42
576,673,43
577,673,48
578,673,80
579,673,107
580,673,166
581,673,175
582,673,192
583,673,209
584,673,215
585,674,1
586,674,12
587,674,31
588,674,33
589,674,40
590,674,42
591,674,43
592,674,48
593,674,80
594,674,107
595,674,166
596,674,175
597,674,192
598,674,209
599,674,215
600,685,1
601,685,12
602,685,31
603,685,33
604,685,40
605,685,42
606,685,43
607,685,48
608,685,80
609,685,107
610,685,166
611,685,175
612,685,192
613,685,209
614,685,215
615,686,1
616,686,12
617,686,31
618,686,33
619,686,40
620,686,42
621,686,43
622,686,48
623,686,80
624,686,107
625,686,166
626,686,175
627,686,192
628,686,209
629,686,215
630,687,1
631,687,12
632,687,31
633,687,33
634,687,40
635,687,42
636,687,43
637,687,48
638,687,80
639,687,107
640,687,166
641,687,175
642,687,192
643,687,209
644,687,215
645,688,1
646,688,12
647,688,31
648,688,33
649,688,40
650,688,42
651,688,43
652,688,48
653,688,80
654,688,107
655,688,166
656,688,175
657,688,192
658,688,209
659,688,215
660,690,1
661,690,12
662,690,31
663,690,33
664,690,40
665,690,42
666,690,43
667,690,48
668,690,80
669,690,107
670,690,166
671,690,175
672,690,192
673,690,209
674,690,215
675,691,1
676,691,12
677,691,31
678,691,33
679,691,40
680,691,42
681,691,43
682,691,48
683,691,80
684,691,107
685,691,166
686,691,175
687,691,192
688,691,209
689,691,215
690,695,1
691,695,12
692,695,31
693,695,33
694,695,40
695,695,42
696,695,43
697,695,48
698,695,80
699,695,107
700,695,166
701,695,175
702,695,192
703,695,209
704,695,215
705,698,1
706,698,12
707,698,31
708,698,33
709,698,40
710,698,42
711,698,43
712,698,48
713,698,80
714,698,107
715,698,166
716,698,175
717,698,192
718,698,209
719,698,215
720,701,1
721,701,12
722,701,31
723,701,33
724,701,40
725,701,42
726,701,43
727,701,48
728,701,80
729,701,107
730,701,166
731,701,175
732,701,192
733,701,209
734,701,215
735,707,1
736,707,12
737,707,31
738,707,33
739,707,40
740,707,42
741,707,43
742,707,48
743,707,80
744,707,107
745,707,166
746,707,175
747,707,192
748,707,209
749,707,215
750,708,1
751,708,12
752,708,31
753,708,33
754,708,40
755,708,42
756,708,43
757,708,48
758,708,80
759,708,107
760,708,166
761,708,175
762,708,192
763,708,209
764,708,215
765,710,1
766,710,12
767,710,31
768,710,33
769,710,40
770,710,42
771,710,43
772,710,48
773,710,80
774,710,107
775,710,166
776,710,175
777,710,192
778,710,209
779,710,215
780,713,1
781,713,12
782,713,31
783,713,33
784,713,40
785,713,42
786,713,43
787,713,48
788,713,80
789,713,107
790,713,166
791,713,175
792,713,192
793,713,209
794,713,215
795,715,1
796,715,12
797,715,31
798,715,33
799,715,40
800,715,42
801,715,43
802,715,48
803,715,80
804,715,107
805,715,166
806,715,175
807,715,192
808,715,209
809,715,215
810,716,1
811,716,12
812,716,31
813,716,33
814,716,40
815,716,42
816,716,43
817,716,48
818,716,80
819,716,107
820,716,166
821,716,175
822,716,192
823,716,209
824,716,215
825,717,1
826,717,12
827,717,31
828,717,33
829,717,40
830,717,42
831,717,43
832,717,48
833,717,80
834,717,107
835,717,166
836,717,175
837,717,192
838,717,209
839,717,215
840,719,1
841,719,12
842,719,31
843,719,33
844,719,40
845,719,42
846,719,43
847,719,48
848,719,80
849,719,107
850,719,166
851,719,175
852,719,192
853,719,209
854,719,215
855,724,1
856,724,12
857,724,31
858,724,33
859,724,40
860,724,42
861,724,43
862,724,48
863,724,80
864,724,107
865,724,166
866,724,175
867,724,192
868,724,209
869,724,215
870,726,1
871,726,12
872,726,31
873,726,33
874,726,40
875,726,42
876,726,43
877,726,48
878,726,80
879,726,107
880,726,166
881,726,175
882,726,192
883,726,209
884,726,215
885,730,1
886,730,12
887,730,31
888,730,33
889,730,40
890,730,42
891,730,43
892,730,48
893,730,80
894,730,107
895,730,166
896,730,175
897,730,192
898,730,209
899,730,215
900,732,1
901,732,12
902,732,31
903,732,33
904,732,40
905,732,42
906,732,43
907,732,48
908,732,80
909,732,107
910,732,166
911,732,175
912,732,192
913,732,209
914,732,215
915,733,1
916,733,12
917,733,31
918,733,33
919,733,40
920,733,42
921,733,43
922,733,48
923,733,80
924,733,107
925,733,166
926,733,175
927,733,192
928,733,209
929,733,215
930,755,1
931,755,12
932,755,31
933,755,33
934,755,40
935,755,42
936,755,43
937,755,48
938,755,80
939,755,107
940,755,166
941,755,175
942,755,192
943,755,209
944,755,215
945,766,1
946,766,12
947,766,31
948,766,33
949,766,40
950,766,42
951,766,43
952,766,48
953,766,80
954,766,107
955,766,166
956,766,175
957,766,192
958,766,209
959,766,215
960,768,1
961,768,12
962,768,31
963,768,33
964,768,40
965,768,42
966,768,43
967,768,48
968,768,80
969,768,107
970,768,166
971,768,175
972,768,192
973,768,209
974,768,215
975,770,1
976,770,12
977,770,31
978,770,33
979,770,40
980,770,42
981,770,43
982,770,48
983,770,80
984,770,107
985,770,166
986,770,175
987,770,192
988,770,209
989,770,215
990,775,1
991,775,12
992,775,31
993,775,33
994,775,40
995,775,42
996,775,43
997,775,48
998,775,80
999,775,107
1000,775,166
1001,775,175
1002,775,192
1003,775,209
1004,775,215
1005,776,1
1006,776,12
1007,776,31
1008,776,33
1009,776,40
1010,776,42
1011,776,43
1012,776,48
1013,776,80
1014,776,107
1015,776,166
1016,776,175
1017,776,192
1018,776,209
1019,776,215
1020,778,1
1021,778,12
1022,778,31
1023,778,33
1024,778,40
1025,778,42
1026,778,43
1027,778,48
1028,778,80
1029,778,107
1030,778,166
1031,778,175
1032,778,192
1033,778,209
1034,778,215
1035,779,1
1036,779,12
1037,779,31
1038,779,33
1039,779,40
1040,779,42
1041,779,43
1042,779,48
1043,779,80
1044,779,107
1045,779,166
1046,779,175
1047,779,192
1048,779,209
1049,779,215
1050,782,1
1051,782,12
1052,782,31
1053,782,33
1054,782,40
1055,782,42
1056,782,43
1057,782,48
1058,782,80
1059,782,107
1060,782,166
1061,782,175
1062,782,192
1063,782,209
1064,782,215
1065,784,1
1066,784,12
1067,784,31
1068,784,33
1069,784,40
1070,784,42
1071,784,43
1072,784,48
1073,784,80
1074,784,107
1075,784,166
1076,784,175
1077,784,192
1078,784,209
1079,784,215
1080,790,1
1081,790,12
1082,790,31
1083,790,33
1084,790,40
1085,790,42
1086,790,43
1087,790,48
1088,790,80
1089,790,107
1090,790,166
1091,790,175
1092,790,192
1093,790,209
1094,790,215
1095,793,1
1096,793,12
1097,793,31
1098,793,33
1099,793,40
1100,793,42
1101,793,43
1102,793,48
1103,793,80
1104,793,107
1105,793,166
1106,793,175
1107,793,192
1108,793,209
1109,793,215
1110,796,1
1111,796,12
1112,796,31
1113,796,33
1114,796,40
1115,796,42
1116,796,43
1117,796,48
1118,796,80
1119,796,107
1120,796,166
1121,796,175
1122,796,192
1123,796,209
1124,796,215
1125,797,1
1126,797,12
1127,797,31
1128,797,33
1129,797,40
1130,797,42
1131,797,43
1132,797,48
1133,797,80
1134,797,107
1135,797,166
1136,797,175
1137,797,192
1138,797,209
1139,797,215
1140,798,1
1141,798,12
1142,798,31
1143,798,33
1144,798,40
1145,798,42
1146,798,43
1147,798,48
1148,798,80
1149,798,107
1150,798,166
1151,798,175
1152,798,192
1153,798,209
1154,798,215
1155,799,1
1156,799,12
1157,799,31
1158,799,33
1159,799,40
1160,799,42
1161,799,43
1162,799,48
1163,799,80
1164,799,107
1165,799,166
1166,799,175
1167,799,192
1168,799,209
1169,799,215
1170,800,1
1171,800,12
1172,800,31
1173,800,33
1174,800,40
1175,800,42
1176,800,43
1177,800,48
1178,800,80
1179,800,107
1180,800,166
1181,800,175
1182,800,192
1183,800,209
1184,800,215
1185,810,1
1186,810,12
1187,810,31
1188,810,33
1189,810,40
1190,810,42
1191,810,43
1192,810,48
1193,810,80
1194,810,107
1195,810,166
1196,810,175
1197,810,192
1198,810,209
1199,810,215
1200,811,1
1201,811,12
1202,811,31
1203,811,33
1204,811,40
1205,811,42
1206,811,43
1207,811,48
1208,811,80
1209,811,107
1210,811,166
1211,811,175
1212,811,192
1213,811,209
1214,811,215
1215,825,1
1216,825,12
1217,825,31
1218,825,33
1219,825,40
1220,825,42
1221,825,43
1222,825,48
1223,825,80
1224,825,107
1225,825,166
1226,825,175
1227,825,192
1228,825,209
1229,825,215
1230,827,1
1231,827,12
1232,827,31
1233,827,33
1234,827,40
1235,827,42
1236,827,43
1237,827,48
1238,827,80
1239,827,107
1240,827,166
1241,827,175
1242,827,192
1243,827,209
1244,827,215
1245,829,1
1246,829,12
1247,829,31
1248,829,33
1249,829,40
1250,829,42
1251,829,43
1252,829,48
1253,829,80
1254,829,107
1255,829,166
1256,829,175
1257,829,192
1258,829,209
1259,829,215
1260,830,1
1261,830,12
1262,830,31
1263,830,33
1264,830,40
1265,830,42
1266,830,43
1267,830,48
1268,830,80
1269,830,107
1270,830,166
1271,830,175
1272,830,192
1273,830,209
1274,830,215
1275,833,1
1276,833,12
1277,833,31
1278,833,33
1279,833,40
1280,833,42
1281,833,43
1282,833,48
1283,833,80
1284,833,107
1285,833,166
1286,833,175
1287,833,192
1288,833,209
1289,833,215
1290,835,1
1291,835,12
1292,835,31
1293,835,33
1294,835,40
1295,835,42
1296,835,43
1297,835,48
1298,835,80
1299,835,107
1300,835,166
1301,835,175
1302,835,192
1303,835,209
1304,835,215
1305,839,1
1306,839,12
1307,839,31
1308,839,33
1309,839,40
1310,839,42
1311,839,43
1312,839,48
1313,839,80
1314,839,107
1315,839,166
1316,839,175
1317,839,192
1318,839,209
1319,839,215
1320,840,1
1321,840,12
1322,840,31
1323,840,33
1324,840,40
1325,840,42
1326,840,43
1327,840,48
1328,840,80
1329,840,107
1330,840,166
1331,840,175
1332,840,192
1333,840,209
1334,840,215
1335,843,1
1336,843,12
1337,843,31
1338,843,33
1339,843,40
1340,843,42
1341,843,43
1342,843,48
1343,843,80
1344,843,107
1345,843,166
1346,843,175
1347,843,192
1348,843,209
1349,843,215
1350,845,1
1351,845,12
1352,845,31
1353,845,33
1354,845,40
1355,845,42
1356,845,43
1357,845,48
1358,845,80
1359,845,107
1360,845,166
1361,845,175
1362,845,192
1363,845,209
1364,845,215
1365,846,1
1366,846,12
1367,846,31
1368,846,33
1369,846,40
1370,846,42
1371,846,43
1372,846,48
1373,846,80
1374,846,107
1375,846,166
1376,846,175
1377,846,192
1378,846,209
1379,846,215
1380,850,1
1381,850,12
1382,850,31
1383,850,33
1384,850,40
1385,850,42
1386,850,43
1387,850,48
1388,850,80
1389,850,107
1390,850,166
1391,850,175
1392,850,192
1393,850,209
1394,850,215
1395,860,1
1396,860,12
1397,860,31
1398,860,33
1399,860,40
1400,860,42
1401,860,43
1402,860,48
1403,860,80
1404,860,107
1405,860,166
1406,860,175
1407,860,192
1408,860,209
1409,860,215
1410,863,1
1411,863,12
1412,863,31
1413,863,33
1414,863,40
1415,863,42
1416,863,43
1417,863,48
1418,863,80
1419,863,107
1420,863,166
1421,863,175
1422,863,192
1423,863,209
1424,863,215
1425,865,1
1426,865,12
1427,865,31
1428,865,33
1429,865,40
1430,865,42
1431,865,43
1432,865,48
1433,865,80
1434,865,107
1435,865,166
1436,865,175
1437,865,192
1438,865,209
1439,865,215
1440,866,1
1441,866,12
1442,866,31
1443,866,33
1444,866,40
1445,866,42
1446,866,43
1447,866,48
1448,866,80
1449,866,107
1450,866,166
1451,866,175
1452,866,192
1453,866,209
1454,866,215
1455,872,1
1456,872,12
1457,872,31
1458,872,33
1459,872,40
1460,872,42
1461,872,43
1462,872,48
1463,872,80
1464,872,107
1465,872,166
1466,872,175
1467,872,192
1468,872,209
1469,872,215
1470,878,1
1471,878,12
1472,878,31
1473,878,33
1474,878,40
1475,878,42
1476,878,43
1477,878,48
1478,878,80
1479,878,107
1480,878,166
1481,878,175
1482,878,192
1483,878,209
1484,878,215
1485,880,1
1486,880,12
1487,880,31
1488,880,33
1489,880,40
1490,880,42
1491,880,43
1492,880,48
1493,880,80
1494,880,107
1495,880,166
1496,880,175
1497,880,192
1498,880,209
1499,880,215
1500,881,1
1501,881,12
1502,881,31
1503,881,33
1504,881,40
1505,881,42
1506,881,43
1507,881,48
1508,881,80
1509,881,107
1510,881,166
1511,881,175
1512,881,192
1513,881,209
1514,881,215
1515,882,1
1516,882,12
1517,882,31
1518,882,33
1519,882,40
1520,882,42
1521,882,43
1522,882,48
1523,882,80
1524,882,107
1525,882,166
1526,882,175
1527,882,192
1528,882,209
1529,882,215
1530,885,1
1531,885,12
1532,885,31
1533,885,33
1534,885,40
1535,885,42
1536,885,43
1537,885,48
1538,885,80
1539,885,107
1540,885,166
1541,885,175
1542,885,192
1543,885,209
1544,885,215
1545,891,1
1546,891,12
1547,891,31
1548,891,33
1549,891,40
1550,891,42
1551,891,43
1552,891,48
1553,891,80
1554,891,107
1555,891,166
1556,891,175
1557,891,192
1558,891,209
1559,891,215
1560,895,1
1561,895,12
1562,895,31
1563,895,33
1564,895,40
1565,895,42
1566,895,43
1567,895,48
1568,895,80
1569,895,107
1570,895,166
1571,895,175
1572,895,192
1573,895,209
1574,895,215
1575,898,1
1576,898,12
1577,898,31
1578,898,33
1579,898,40
1580,898,42
1581,898,43
1582,898,48
1583,898,80
1584,898,107
1585,898,166
1586,898,175
1587,898,192
1588,898,209
1589,898,215
1590,902,1
1591,902,12
1592,902,31
1593,902,33
1594,902,40
1595,902,42
1596,902,43
1597,902,48
1598,902,80
1599,902,107
1600,902,166
1601,902,175
1602,902,192
1603,902,209
1604,902,215
1605,904,1
1606,904,12
1607,904,31
1608,904,33
1609,904,40
1610,904,42
1611,904,43
1612,904,48
1613,904,80
1614,904,107
1615,904,166
1616,904,175
1617,904,192
1618,904,209
1619,904,215
1620,906,1
1621,906,12
1622,906,31
1623,906,33
1624,906,40
1625,906,42
1626,906,43
1627,906,48
1628,906,80
1629,906,107
1630,906,166
1631,906,175
1632,906,192
1633,906,209
1634,906,215
1635,907,1
1636,907,12
1637,907,31
1638,907,33
1639,907,40
1640,907,42
1641,907,43
1642,907,48
1643,907,80
1644,907,107
1645,907,166
1646,907,175
1647,907,192
1648,907,209
1649,907,215
1650,908,1
1651,908,12
1652,908,31
1653,908,33
1654,908,40
1655,908,42
1656,908,43
1657,908,48
1658,908,80
1659,908,107
1660,908,166
1661,908,175
1662,908,192
1663,908,209
1664,908,215
1665,909,1
1666,909,12
1667,909,31
1668,909,33
1669,909,40
1670,909,42
1671,909,43
1672,909,48
1673,909,80
1674,909,107
1675,909,166
1676,909,175
1677,909,192
1678,909,209
1679,909,215
1680,912,1
1681,912,12
1682,912,31
1683,912,33
1684,912,40
1685,912,42
1686,912,43
1687,912,48
1688,912,80
1689,912,107
1690,912,166
1691,912,175
1692,912,192
1693,912,209
1694,912,215
1695,916,1
1696,916,12
1697,916,31
1698,916,33
1699,916,40
1700,916,42
1701,916,43
1702,916,48
1703,916,80
1704,916,107
1705,916,166
1706,916,175
1707,916,192
1708,916,209
1709,916,215
1710,917,1
1711,917,12
1712,917,31
1713,917,33
1714,917,40
1715,917,42
1716,917,43
1717,917,48
1718,917,80
1719,917,107
1720,917,166
1721,917,175
1722,917,192
1723,917,209
1724,917,215
1725,921,1
1726,921,12
1727,921,31
1728,921,33
1729,921,40
1730,921,42
1731,921,43
1732,921,48
1733,921,80
1734,921,107
1735,921,166
1736,921,175
1737,921,192
1738,921,209
1739,921,215
1740,945,1
1741,945,12
1742,945,31
1743,945,33
1744,945,40
1745,945,42
1746,945,43
1747,945,48
1748,945,80
1749,945,107
1750,945,166
1751,945,175
1752,945,192
1753,945,209
1754,945,215
1755,947,1
1756,947,12
1757,947,31
1758,947,33
1759,947,40
1760,947,42
1761,947,43
1762,947,48
1763,947,80
1764,947,107
1765,947,166
1766,947,175
1767,947,192
1768,947,209
1769,947,215
1770,954,1
1771,954,12
1772,954,31
1773,954,33
1774,954,40
1775,954,42
1776,954,43
1777,954,48
1778,954,80
1779,954,107
1780,954,166
1781,954,175
1782,954,192
1783,954,209
1784,954,215
1785,964,1
1786,964,12
1787,964,31
1788,964,33
1789,964,40
1790,964,42
1791,964,43
1792,964,48
1793,964,80
1794,964,107
1795,964,166
1796,964,175
1797,964,192
1798,964,209
1799,964,215
1800,966,1
1801,966,12
1802,966,31
1803,966,33
1804,966,40
1805,966,42
1806,966,43
1807,966,48
1808,966,80
1809,966,107
1810,966,166
1811,966,175
1812,966,192
1813,966,209
1814,966,215
1815,970,1
1816,970,12
1817,970,31
1818,970,33
1819,970,40
1820,970,42
1821,970,43
1822,970,48
1823,970,80
1824,970,107
1825,970,166
1826,970,175
1827,970,192
1828,970,209
1829,970,215
1830,987,1
1831,987,12
1832,987,31
1833,987,33
1834,987,40
1835,987,42
1836,987,43
1837,987,48
1838,987,80
1839,987,107
1840,987,166
1841,987,175
1842,987,192
1843,987,209
1844,987,215
1845,992,1
1846,992,12
1847,992,31
1848,992,33
1849,992,40
1850,992,42
1851,992,43
1852,992,48
1853,992,80
1854,992,107
1855,992,166
1856,992,175
1857,992,192
1858,992,209
1859,992,215
1860,999,1
1861,999,12
1862,999,31
1863,999,33
1864,999,40
1865,999,42
1866,999,43
1867,999,48
1868,999,80
1869,999,107
1870,999,166
1871,999,175
1872,999,192
1873,999,209
1874,999,215
1875,1001,1
1876,1001,12
1877,1001,31
1878,1001,33
1879,1001,40
1880,1001,42
1881,1001,43
1882,1001,48
1883,1001,80
1884,1001,107
1885,1001,166
1886,1001,175
1887,1001,192
1888,1001,209
1889,1001,215
1890,1004,1
1891,1004,12
1892,1004,31
1893,1004,33
1894,1004,40
1895,1004,42
1896,1004,43
1897,1004,48
1898,1004,80
1899,1004,107
1900,1004,166
1901,1004,175
1902,1004,192
1903,1004,209
1904,1004,215
1905,1007,1
1906,1007,12
1907,1007,31
1908,1007,33
1909,1007,40
1910,1007,42
1911,1007,43
1912,1007,48
1913,1007,80
1914,1007,107
1915,1007,166
1916,1007,175
1917,1007,192
1918,1007,209
1919,1007,215
1920,1011,1
1921,1011,12
1922,1011,31
1923,1011,33
1924,1011,40
1925,1011,42
1926,1011,43
1927,1011,48
1928,1011,80
1929,1011,107
1930,1011,166
1931,1011,175
1932,1011,192
1933,1011,209
1934,1011,215
1935,1027,1
1936,1027,12
1937,1027,31
1938,1027,33
1939,1027,40
1940,1027,42
1941,1027,43
1942,1027,48
1943,1027,80
1944,1027,107
1945,1027,166
1946,1027,175
1947,1027,192
1948,1027,209
1949,1027,215
1950,1034,1
1951,1034,12
1952,1034,31
1953,1034,33
1954,1034,40
1955,1034,42
1956,1034,43
1957,1034,48
1958,1034,80
1959,1034,107
1960,1034,166
1961,1034,175
1962,1034,192
1963,1034,209
1964,1034,215
1965,1040,1
1966,1040,12
1967,1040,31
1968,1040,33
1969,1040,40
1970,1040,42
1971,1040,43
1972,1040,48
1973,1040,80
1974,1040,107
1975,1040,166
1976,1040,175
1977,1040,192
1978,1040,209
1979,1040,215
1980,1042,1
1981,1042,12
1982,1042,31
1983,1042,33
1984,1042,40
1985,1042,42
1986,1042,43
1987,1042,48
1988,1042,80
1989,1042,107
1990,1042,166
1991,1042,175
1992,1042,192
1993,1042,209
1994,1042,215
1995,1043,1
1996,1043,12
1997,1043,31
1998,1043,33
1999,1043,40
2000,1043,42
2001,1043,43
2002,1043,48
2003,1043,80
2004,1043,107
2005,1043,166
2006,1043,175
2007,1043,192
2008,1043,209
2009,1043,215
2010,1048,1
2011,1048,12
2012,1048,31
2013,1048,33
2014,1048,40
2015,1048,42
2016,1048,43
2017,1048,48
2018,1048,80
2019,1048,107
2020,1048,166
2021,1048,175
2022,1048,192
2023,1048,209
2024,1048,215
2025,1049,1
2026,1049,12
2027,1049,31
2028,1049,33
2029,1049,40
2030,1049,42
2031,1049,43
2032,1049,48
2033,1049,80
2034,1049,107
2035,1049,166
2036,1049,175
2037,1049,192
2038,1049,209
2039,1049,215
2040,1060,1
2041,1060,12
2042,1060,31
2043,1060,33
2044,1060,40
2045,1060,42
2046,1060,43
2047,1060,48
2048,1060,80
2049,1060,107
2050,1060,166
2051,1060,175
2052,1060,192
2053,1060,209
2054,1060,215
2055,536,7
2056,536,10
2057,536,25
2058,536,44
2059,536,51
2060,536,137
2061,536,188
2062,536,199
2063,536,221
2064,536,223
2065,536,225
2066,536,227
2067,536,235
2068,536,239
2069,536,294
2070,536,318
2071,536,321
2072,536,328
2073,540,7
2074,540,10
2075,540,25
2076,540,44
2077,540,51
2078,540,137
2079,540,188
2080,540,199
2081,540,221
2082,540,223
2083,540,225
2084,540,227
2085,540,235
2086,540,239
2087,540,294
2088,540,318
2089,540,321
2090,540,328
2091,542,7
2092,542,10
2093,542,25
2094,542,44
2095,542,51
2096,542,137
2097,542,188
2098,542,199
2099,542,221
2100,542,223
2101,542,225
2102,542,227
2103,542,235
2104,542,239
2105,542,294
2106,542,318
2107,542,321
2108,542,328
2109,550,7
2110,550,10
2111,550,25
2112,550,44
2113,550,51
2114,550,137
2115,550,188
2116,550,199
2117,550,221
2118,550,223
2119,550,225
2120,550,227
2121,550,235
2122,550,239
2123,550,294
2124,550,318
2125,550,321
2126,550,328
2127,554,7
2128,554,10
2129,554,25
2130,554,44
2131,554,51
2132,554,137
2133,554,188
2134,554,199
2135,554,221
2136,554,223
2137,554,225
2138,554,227
2139,554,235
2140,554,239
2141,554,294
2142,554,318
2143,554,321
2144,554,328
2145,652,7
2146,652,10
2147,652,25
2148,652,44
2149,652,51
2150,652,137
2151,652,188
2152,652,199
2153,652,221
2154,652,223
2155,652,225
2156,652,227
2157,652,235
2158,652,239
2159,652,294
2160,652,318
2161,652,321
2162,652,328
2163,657,7
2164,657,10
2165,657,25
2166,657,44
2167,657,51
2168,657,137
2169,657,188
2170,657,199
2171,657,221
2172,657,223
2173,657,225
2174,657,227
2175,657,235
2176,657,239
2177,657,294
2178,657,318
2179,657,321
2180,657,328
2181,658,7
2182,658,10
2183,658,25
2184,658,44
2185,658,51
2186,658,137
2187,658,188
2188,658,199
2189,658,221
2190,658,223
2191,658,225
2192,658,227
2193,658,235
2194,658,239
2195,658,294
2196,658,318
2197,658,321
2198,658,328
2199,664,7
2200,664,10
2201,664,25
2202,664,44
2203,664,51
2204,664,137
2205,664,188
2206,664,199
2207,664,221
2208,664,223
2209,664,225
2210,664,227
2211,664,235
2212,664,239
2213,664,294
2214,664,318
2215,664,321
2216,664,328
2217,669,7
2218,669,10
2219,669,25
2220,669,44
2221,669,51
2222,669,137
2223,669,188
2224,669,199
2225,669,221
2226,669,223
2227,669,225
2228,669,227
2229,669,235
2230,669,239
2231,669,294
2232,669,318
2233,669,321
2234,669,328
2235,678,7
2236,678,10
2237,678,25
2238,678,44
2239,678,51
2240,678,137
2241,678,188
2242,678,199
2243,678,221
2244,678,223
2245,678,225
2246,678,227
2247,678,235
2248,678,239
2249,678,294
2250,678,318
2251,678,321
2252,678,328
2253,692,7
2254,692,10
2255,692,25
2256,692,44
2257,692,51
2258,692,137
2259,692,188
2260,692,199
2261,692,221
2262,692,223
2263,692,225
2264,692,227
2265,692,235
2266,692,239
2267,692,294
2268,692,318
2269,692,321
2270,692,328
2271,537,214
2272,539,214
2273,545,214
2274,546,214
2275,552,214
2276,565,214
2277,573,214
2278,574,214
2279,575,214
2280,576,214
2281,578,214
2282,583,214
2283,586,214
2284,611,214
2285,613,214
2286,626,214
2287,628,214
2288,631,214
2289,633,214
2290,634,214
2291,635,214
2292,638,214
2293,640,214
2294,651,214
2295,667,214
2296,682,214
2297,711,214
2298,729,214
2299,734,214
2300,736,214
2301,738,214
2302,739,214
2303,740,214
2304,744,214
2305,749,214
2306,753,214
2307,756,214
2308,764,214
2309,773,214
2310,774,214
2311,785,214
2312,807,214
2313,812,214
2314,814,214
2315,815,214
2316,816,214
2317,820,214
2318,823,214
2319,826,214
2320,828,214
2321,837,214
2322,859,214
2323,952,214
2324,991,214
2325,993,214
2326,997,214
2327,1002,214
2328,1025,214
2329,1036,214
2330,1039,214
2331,1046,214
2332,1054,214
2333,1064,214
2334,544,93
2335,544,129
2336,544,262
2337,548,93
2338,548,129
2339,548,262
2340,556,93
2341,556,129
2342,556,262
2343,566,93
2344,566,129
2345,566,262
2346,593,93
2347,593,129
2348,593,262
2349,594,93
2350,594,129
2351,594,262
2352,601,93
2353,601,129
2354,601,262
2355,617,93
2356,617,129
2357,617,262
2358,637,93
2359,637,129
2360,637,262
2361,641,93
2362,641,129
2363,641,262
2364,662,93
2365,662,129
2366,662,262
2367,680,93
2368,680,129
2369,680,262
2370,681,93
2371,681,129
2372,681,262
2373,684,93
2374,684,129
2375,684,262
2376,697,93
2377,697,129
2378,697,262
2379,703,93
2380,703,129
2381,703,262
2382,704,93
2383,704,129
2384,704,262
2385,706,93
2386,706,129
2387,706,262
2388,709,93
2389,709,129
2390,709,262
2391,721,93
2392,721,129
2393,721,262
2394,728,93
2395,728,129
2396,728,262
2397,752,93
2398,752,129
2399,752,262
2400,754,93
2401,754,129
2402,754,262
2403,769,93
2404,769,129
2405,769,262
2406,771,93
2407,771,129
2408,771,262
2409,788,93
2410,788,129
2411,788,262
2412,794,93
2413,794,129
2414,794,262
2415,804,93
2416,804,129
2417,804,262
2418,808,93
2419,808,129
2420,808,262
2421,809,93
2422,809,129
2423,809,262
2424,821,93
2425,821,129
2426,821,262
2427,836,93
2428,836,129
2429,836,262
2430,841,93
2431,841,129
2432,841,262
2433,844,93
2434,844,129
2435,844,262
2436,847,93
2437,847,129
2438,847,262
2439,848,93
2440,848,129
2441,848,262
2442,853,93
2443,853,129
2444,853,262
2445,854,93
2446,854,129
2447,854,262
2448,861,93
2449,861,129
2450,861,262
2451,867,93
2452,867,129
2453,867,262
2454,869,93
2455,869,129
2456,869,262
2457,883,93
2458,883,129
2459,883,262
2460,888,93
2461,888,129
2462,888,262
2463,890,93
2464,890,129
2465,890,262
2466,900,93
2467,900,129
2468,900,262
2469,915,93
2470,915,129
2471,915,262
2472,933,93
2473,933,129
2474,933,262
2475,935,93
2476,935,129
2477,935,262
2478,937,93
2479,937,129
2480,937,262
2481,949,93
2482,949,129
2483,949,262
2484,950,93
2485,950,129
2486,950,262
2487,959,93
2488,959,129
2489,959,262
2490,972,93
2491,972,129
2492,972,262
2493,976,93
2494,976,129
2495,976,262
2496,977,93
2497,977,129
2498,977,262
2499,980,93
2500,980,129
2501,980,262
2502,990,93
2503,990,129
2504,990,262
2505,1006,93
2506,1006,129
2507,1006,262
2508,1009,93
2509,1009,129
2510,1009,262
2511,1014,93
2512,1014,129
2513,1014,262
2514,1015,93
2515,1015,129
2516,1015,262
2517,1020,93
2518,1020,129
2519,1020,262
2520,1023,93
2521,1023,129
2522,1023,262
2523,1026,93
2524,1026,129
2525,1026,262
2526,1028,93
2527,1028,129
2528,1028,262
2529,1033,93
2530,1033,129
2531,1033,262
2532,1044,93
2533,1044,129
2534,1044,262
2535,1051,93
2536,1051,129
2537,1051,262
2538,1055,93
2539,1055,129
2540,1055,262
2541,1056,93
2542,1056,129
2543,1056,262
2544,1061,93
2545,1061,129
2546,1061,262
2547,1062,93
2548,1062,129
2549,1062,262
2550,547,11
2551,547,17
2552,547,74
2553,547,82
2554,547,127
2555,547,135
2556,547,136
2557,547,139
2558,547,141
2559,547,157
2560,547,203
2561,547,232
2562,547,240
2563,547,247
2564,547,252
2565,547,276
2566,547,293
2567,547,304
2568,547,312
2569,547,330
2570,553,11
2571,553,17
2572,553,74
2573,553,82
2574,553,127
2575,553,135
2576,553,136
2577,553,139
2578,553,141
2579,553,157
2580,553,203
2581,553,232
2582,553,240
2583,553,247
2584,553,252
2585,553,276
2586,553,293
2587,553,304
2588,553,312
2589,553,330
2590,555,11
2591,555,17
2592,555,74
2593,555,82
2594,555,127
2595,555,135
2596,555,136
2597,555,139
2598,555,141
2599,555,157
2600,555,203
2601,555,232
2602,555,240
2603,555,247
2604,555,252
2605,555,276
2606,555,293
2607,555,304
2608,555,312
2609,555,330
2610,562,11
2611,562,17
2612,562,74
2613,562,82
2614,562,127
2615,562,135
2616,562,136
2617,562,139
2618,562,141
2619,562,157
2620,562,203
2621,562,232
2622,562,240
2623,562,247
2624,562,252
2625,562,276
2626,562,293
2627,562,304
2628,562,312
2629,562,330
2630,567,11
2631,567,17
2632,567,74
2633,567,82
2634,567,127
2635,567,135
2636,567,136
2637,567,139
2638,567,141
2639,567,157
2640,567,203
2641,567,232
2642,567,240
2643,567,247
2644,567,252
2645,567,276
2646,567,293
2647,567,304
2648,567,312
2649,567,330
2650,591,11
2651,591,17
2652,591,74
2653,591,82
2654,591,127
2655,591,135
2656,591,136
2657,591,139
2658,591,141
2659,591,157
2660,591,203
2661,591,232
2662,591,240
2663,591,247
2664,591,252
2665,591,276
2666,591,293
2667,591,304
2668,591,312
2669,591,330
2670,608,11
2671,608,17
2672,608,74
2673,608,82
2674,608,127
2675,608,135
2676,608,136
2677,608,139
2678,608,141
2679,608,157
2680,608,203
2681,608,232
2682,608,240
2683,608,247
2684,608,252
2685,608,276
2686,608,293
2687,608,304
2688,608,312
2689,608,330
2690,619,11
2691,619,17
2692,619,74
2693,619,82
2694,619,127
2695,619,135
2696,619,136
2697,619,139
2698,619,141
2699,619,157
2700,619,203
2701,619,232
2702,619,240
2703,619,247
2704,619,252
2705,619,276
2706,619,293
2707,619,304
2708,619,312
2709,619,330
2710,627,11
2711,627,17
2712,627,74
2713,627,82
2714,627,127
2715,627,135
2716,627,136
2717,627,139
2718,627,141
2719,627,157
2720,627,203
2721,627,232
2722,627,240
2723,627,247
2724,627,252
2725,627,276
2726,627,293
2727,627,304
2728,627,312
2729,627,330
2730,645,11
2731,645,17
2732,645,74
2733,645,82
2734,645,127
2735,645,135
2736,645,136
2737,645,139
2738,645,141
2739,645,157
2740,645,203
2741,645,232
2742,645,240
2743,645,247
2744,645,252
2745,645,276
2746,645,293
2747,645,304
2748,645,312
2749,645,330
2750,647,11
2751,647,17
2752,647,74
2753,647,82
2754,647,127
2755,647,135
2756,647,136
2757,647,139
2758,647,141
2759,647,157
2760,647,203
2761,647,232
2762,647,240
2763,647,247
2764,647,252
2765,647,276
2766,647,293
2767,647,304
2768,647,312
2769,647,330
2770,648,11
2771,648,17
2772,648,74
2773,648,82
2774,648,127
2775,648,135
2776,648,136
2777,648,139
2778,648,141
2779,648,157
2780,648,203
2781,648,232
2782,648,240
2783,648,247
2784,648,252
2785,648,276
2786,648,293
2787,648,304
2788,648,312
2789,648,330
2790,649,11
2791,649,17
2792,649,74
2793,649,82
2794,649,127
2795,649,135
2796,649,136
2797,649,139
2798,649,141
2799,649,157
2800,649,203
2801,649,232
2802,649,240
2803,649,247
2804,649,252
2805,649,276
2806,649,293
2807,649,304
2808,649,312
2809,649,330
2810,655,11
2811,655,17
2812,655,74
2813,655,82
2814,655,127
2815,655,135
2816,655,136
2817,655,139
2818,655,141
2819,655,157
2820,655,203
2821,655,232
2822,655,240
2823,655,247
2824,655,252
2825,655,276
2826,655,293
2827,655,304
2828,655,312
2829,655,330
2830,656,11
2831,656,17
2832,656,74
2833,656,82
2834,656,127
2835,656,135
2836,656,136
2837,656,139
2838,656,141
2839,656,157
2840,656,203
2841,656,232
2842,656,240
2843,656,247
2844,656,252
2845,656,276
2846,656,293
2847,656,304
2848,656,312
2849,656,330
2850,666,11
2851,666,17
2852,666,74
2853,666,82
2854,666,127
2855,666,135
2856,666,136
2857,666,139
2858,666,141
2859,666,157
2860,666,203
2861,666,232
2862,666,240
2863,666,247
2864,666,252
2865,666,276
2866,666,293
2867,666,304
2868,666,312
2869,666,330
2870,675,11
2871,675,17
2872,675,74
2873,675,82
2874,675,127
2875,675,135
2876,675,136
2877,675,139
2878,675,141
2879,675,157
2880,675,203
2881,675,232
2882,675,240
2883,675,247
2884,675,252
2885,675,276
2886,675,293
2887,675,304
2888,675,312
2889,675,330
2890,676,11
2891,676,17
2892,676,74
2893,676,82
2894,676,127
2895,676,135
2896,676,136
2897,676,139
2898,676,141
2899,676,157
2900,676,203
2901,676,232
2902,676,240
2903,676,247
2904,676,252
2905,676,276
2906,676,293
2907,676,304
2908,676,312
2909,676,330
2910,683,11
2911,683,17
2912,683,74
2913,683,82
2914,683,127
2915,683,135
2916,683,136
2917,683,139
2918,683,141
2919,683,157
2920,683,203
2921,683,232
2922,683,240
2923,683,247
2924,683,252
2925,683,276
2926,683,293
2927,683,304
2928,683,312
2929,683,330
2930,693,11
2931,693,17
2932,693,74
2933,693,82
2934,693,127
2935,693,135
2936,693,136
2937,693,139
2938,693,141
2939,693,157
2940,693,203
2941,693,232
2942,693,240
2943,693,247
2944,693,252
2945,693,276
2946,693,293
2947,693,304
2948,693,312
2949,693,330
2950,694,11
2951,694,17
2952,694,74
2953,694,82
2954,694,127
2955,694,135
2956,694,136
2957,694,139
2958,694,141
2959,694,157
2960,694,203
2961,694,232
2962,694,240
2963,694,247
2964,694,252
2965,694,276
2966,694,293
2967,694,304
2968,694,312
2969,694,330
2970,696,11
2971,696,17
2972,696,74
2973,696,82
2974,696,127
2975,696,135
2976,696,136
2977,696,139
2978,696,141
2979,696,157
2980,696,203
2981,696,232
2982,696,240
2983,696,247
2984,696,252
2985,696,276
2986,696,293
2987,696,304
2988,696,312
2989,696,330
2990,702,11
2991,702,17
2992,702,74
2993,702,82
2994,702,127
2995,702,135
2996,702,136
2997,702,139
2998,702,141
2999,702,157
3000,702,203
3001,702,232
3002,702,240
3003,702,247
3004,702,252
3005,702,276
3006,702,293
3007,702,304
3008,702,312
3009,702,330
3010,705,11
3011,705,17
3012,705,74
3013,705,82
3014,705,127
3015,705,135
3016,705,136
3017,705,139
3018,705,141
3019,705,157
3020,705,203
3021,705,232
3022,705,240
3023,705,247
3024,705,252
3025,705,276
3026,705,293
3027,705,304
3028,705,312
3029,705,330
3030,718,11
3031,718,17
3032,718,74
3033,718,82
3034,718,127
3035,718,135
3036,718,136
3037,718,139
3038,718,141
3039,718,157
3040,718,203
3041,718,232
3042,718,240
3043,718,247
3044,718,252
3045,718,276
3046,718,293
3047,718,304
3048,718,312
3049,718,330
3050,720,11
3051,720,17
3052,720,74
3053,720,82
3054,720,127
3055,720,135
3056,720,136
3057,720,139
3058,720,141
3059,720,157
3060,720,203
3061,720,232
3062,720,240
3063,720,247
3064,720,252
3065,720,276
3066,720,293
3067,720,304
3068,720,312
3069,720,330
3070,723,11
3071,723,17
3072,723,74
3073,723,82
3074,723,127
3075,723,135
3076,723,136
3077,723,139
3078,723,141
3079,723,157
3080,723,203
3081,723,232
3082,723,240
3083,723,247
3084,723,252
3085,723,276
3086,723,293
3087,723,304
3088,723,312
3089,723,330
3090,731,11
3091,731,17
3092,731,74
3093,731,82
3094,731,127
3095,731,135
3096,731,136
3097,731,139
3098,731,141
3099,731,157
3100,731,203
3101,731,232
3102,731,240
3103,731,247
3104,731,252
3105,731,276
3106,731,293
3107,731,304
3108,731,312
3109,731,330
3110,748,11
3111,748,17
3112,748,74
3113,748,82
3114,748,127
3115,748,135
3116,748,136
3117,748,139
3118,748,141
3119,748,157
3120,748,203
3121,748,232
3122,748,240
3123,748,247
3124,748,252
3125,748,276
3126,748,293
3127,748,304
3128,748,312
3129,748,330
3130,757,11
3131,757,17
3132,757,74
3133,757,82
3134,757,127
3135,757,135
3136,757,136
3137,757,139
3138,757,141
3139,757,157
3140,757,203
3141,757,232
3142,757,240
3143,757,247
3144,757,252
3145,757,276
3146,757,293
3147,757,304
3148,757,312
3149,757,330
3150,761,11
3151,761,17
3152,761,74
3153,761,82
3154,761,127
3155,761,135
3156,761,136
3157,761,139
3158,761,141
3159,761,157
3160,761,203
3161,761,232
3162,761,240
3163,761,247
3164,761,252
3165,761,276
3166,761,293
3167,761,304
3168,761,312
3169,761,330
3170,763,11
3171,763,17
3172,763,74
3173,763,82
3174,763,127
3175,763,135
3176,763,136
3177,763,139
3178,763,141
3179,763,157
3180,763,203
3181,763,232
3182,763,240
3183,763,247
3184,763,252
3185,763,276
3186,763,293
3187,763,304
3188,763,312
3189,763,330
3190,772,11
3191,772,17
3192,772,74
3193,772,82
3194,772,127
3195,772,135
3196,772,136
3197,772,139
3198,772,141
3199,772,157
3200,772,203
3201,772,232
3202,772,240
3203,772,247
3204,772,252
3205,772,276
3206,772,293
3207,772,304
3208,772,312
3209,772,330
3210,777,11
3211,777,17
3212,777,74
3213,777,82
3214,777,127
3215,777,135
3216,777,136
3217,777,139
3218,777,141
3219,777,157
3220,777,203
3221,777,232
3222,777,240
3223,777,247
3224,777,252
3225,777,276
3226,777,293
3227,777,304
3228,777,312
3229,777,330
3230,783,11
3231,783,17
3232,783,74
3233,783,82
3234,783,127
3235,783,135
3236,783,136
3237,783,139
3238,783,141
3239,783,157
3240,783,203
3241,783,232
3242,783,240
3243,783,247
3244,783,252
3245,783,276
3246,783,293
3247,783,304
3248,783,312
3249,783,330
3250,787,11
3251,787,17
3252,787,74
3253,787,82
3254,787,127
3255,787,135
3256,787,136
3257,787,139
3258,787,141
3259,787,157
3260,787,203
3261,787,232
3262,787,240
3263,787,247
3264,787,252
3265,787,276
3266,787,293
3267,787,304
3268,787,312
3269,787,330
3270,792,11
3271,792,17
3272,792,74
3273,792,82
3274,792,127
3275,792,135
3276,792,136
3277,792,139
3278,792,141
3279,792,157
3280,792,203
3281,792,232
3282,792,240
3283,792,247
3284,792,252
3285,792,276
3286,792,293
3287,792,304
3288,792,312
3289,792,330
3290,795,11
3291,795,17
3292,795,74
3293,795,82
3294,795,127
3295,795,135
3296,795,136
3297,795,139
3298,795,141
3299,795,157
3300,795,203
3301,795,232
3302,795,240
3303,795,247
3304,795,252
3305,795,276
3306,795,293
3307,795,304
3308,795,312
3309,795,330
3310,801,11
3311,801,17
3312,801,74
3313,801,82
3314,801,127
3315,801,135
3316,801,136
3317,801,139
3318,801,141
3319,801,157
3320,801,203
3321,801,232
3322,801,240
3323,801,247
3324,801,252
3325,801,276
3326,801,293
3327,801,304
3328,801,312
3329,801,330
3330,802,11
3331,802,17
3332,802,74
3333,802,82
3334,802,127
3335,802,135
3336,802,136
3337,802,139
3338,802,141
3339,802,157
3340,802,203
3341,802,232
3342,802,240
3343,802,247
3344,802,252
3345,802,276
3346,802,293
3347,802,304
3348,802,312
3349,802,330
3350,817,11
3351,817,17
3352,817,74
3353,817,82
3354,817,127
3355,817,135
3356,817,136
3357,817,139
3358,817,141
3359,817,157
3360,817,203
3361,817,232
3362,817,240
3363,817,247
3364,817,252
3365,817,276
3366,817,293
3367,817,304
3368,817,312
3369,817,330
3370,818,11
3371,818,17
3372,818,74
3373,818,82
3374,818,127
3375,818,135
3376,818,136
3377,818,139
3378,818,141
3379,818,157
3380,818,203
3381,818,232
3382,818,240
3383,818,247
3384,818,252
3385,818,276
3386,818,293
3387,818,304
3388,818,312
3389,818,330
3390,824,11
3391,824,17
3392,824,74
3393,824,82
3394,824,127
3395,824,135
3396,824,136
3397,824,139
3398,824,141
3399,824,157
3400,824,203
3401,824,232
3402,824,240
3403,824,247
3404,824,252
3405,824,276
3406,824,293
3407,824,304
3408,824,312
3409,824,330
3410,834,11
3411,834,17
3412,834,74
3413,834,82
3414,834,127
3415,834,135
3416,834,136
3417,834,139
3418,834,141
3419,834,157
3420,834,203
3421,834,232
3422,834,240
3423,834,247
3424,834,252
3425,834,276
3426,834,293
3427,834,304
3428,834,312
3429,834,330
3430,851,11
3431,851,17
3432,851,74
3433,851,82
3434,851,127
3435,851,135
3436,851,136
3437,851,139
3438,851,141
3439,851,157
3440,851,203
3441,851,232
3442,851,240
3443,851,247
3444,851,252
3445,851,276
3446,851,293
3447,851,304
3448,851,312
3449,851,330
3450,852,11
3451,852,17
3452,852,74
3453,852,82
3454,852,127
3455,852,135
3456,852,136
3457,852,139
3458,852,141
3459,852,157
3460,852,203
3461,852,232
3462,852,240
3463,852,247
3464,852,252
3465,852,276
3466,852,293
3467,852,304
3468,852,312
3469,852,330
3470,855,11
3471,855,17
3472,855,74
3473,855,82
3474,855,127
3475,855,135
3476,855,136
3477,855,139
3478,855,141
3479,855,157
3480,855,203
3481,855,232
3482,855,240
3483,855,247
3484,855,252
3485,855,276
3486,855,293
3487,855,304
3488,855,312
3489,855,330
3490,857,11
3491,857,17
3492,857,74
3493,857,82
3494,857,127
3495,857,135
3496,857,136
3497,857,139
3498,857,141
3499,857,157
3500,857,203
3501,857,232
3502,857,240
3503,857,247
3504,857,252
3505,857,276
3506,857,293
3507,857,304
3508,857,312
3509,857,330
3510,873,11
3511,873,17
3512,873,74
3513,873,82
3514,873,127
3515,873,135
3516,873,136
3517,873,139
3518,873,141
3519,873,157
3520,873,203
3521,873,232
3522,873,240
3523,873,247
3524,873,252
3525,873,276
3526,873,293
3527,873,304
3528,873,312
3529,873,330
3530,874,11
3531,874,17
3532,874,74
3533,874,82
3534,874,127
3535,874,135
3536,874,136
3537,874,139
3538,874,141
3539,874,157
3540,874,203
3541,874,232
3542,874,240
3543,874,247
3544,874,252
3545,874,276
3546,874,293
3547,874,304
3548,874,312
3549,874,330
3550,876,11
3551,876,17
3552,876,74
3553,876,82
3554,876,127
3555,876,135
3556,876,136
3557,876,139
3558,876,141
3559,876,157
3560,876,203
3561,876,232
3562,876,240
3563,876,247
3564,876,252
3565,876,276
3566,876,293
3567,876,304
3568,876,312
3569,876,330
3570,884,11
3571,884,17
3572,884,74
3573,884,82
3574,884,127
3575,884,135
3576,884,136
3577,884,139
3578,884,141
3579,884,157
3580,884,203
3581,884,232
3582,884,240
3583,884,247
3584,884,252
3585,884,276
3586,884,293
3587,884,304
3588,884,312
3589,884,330
3590,896,11
3591,896,17
3592,896,74
3593,896,82
3594,896,127
3595,896,135
3596,896,136
3597,896,139
3598,896,141
3599,896,157
3600,896,203
3601,896,232
3602,896,240
3603,896,247
3604,896,252
3605,896,276
3606,896,293
3607,896,304
3608,896,312
3609,896,330
3610,897,11
3611,897,17
3612,897,74
3613,897,82
3614,897,127
3615,897,135
3616,897,136
3617,897,139
3618,897,141
3619,897,157
3620,897,203
3621,897,232
3622,897,240
3623,897,247
3624,897,252
3625,897,276
3626,897,293
3627,897,304
3628,897,312
3629,897,330
3630,919,11
3631,919,17
3632,919,74
3633,919,82
3634,919,127
3635,919,135
3636,919,136
3637,919,139
3638,919,141
3639,919,157
3640,919,203
3641,919,232
3642,919,240
3643,919,247
3644,919,252
3645,919,276
3646,919,293
3647,919,304
3648,919,312
3649,919,330
3650,922,11
3651,922,17
3652,922,74
3653,922,82
3654,922,127
3655,922,135
3656,922,136
3657,922,139
3658,922,141
3659,922,157
3660,922,203
3661,922,232
3662,922,240
3663,922,247
3664,922,252
3665,922,276
3666,922,293
3667,922,304
3668,922,312
3669,922,330
3670,936,11
3671,936,17
3672,936,74
3673,936,82
3674,936,127
3675,936,135
3676,936,136
3677,936,139
3678,936,141
3679,936,157
3680,936,203
3681,936,232
3682,936,240
3683,936,247
3684,936,252
3685,936,276
3686,936,293
3687,936,304
3688,936,312
3689,936,330
3690,942,11
3691,942,17
3692,942,74
3693,942,82
3694,942,127
3695,942,135
3696,942,136
3697,942,139
3698,942,141
3699,942,157
3700,942,203
3701,942,232
3702,942,240
3703,942,247
3704,942,252
3705,942,276
3706,942,293
3707,942,304
3708,942,312
3709,942,330
3710,946,11
3711,946,17
3712,946,74
3713,946,82
3714,946,127
3715,946,135
3716,946,136
3717,946,139
3718,946,141
3719,946,157
3720,946,203
3721,946,232
3722,946,240
3723,946,247
3724,946,252
3725,946,276
3726,946,293
3727,946,304
3728,946,312
3729,946,330
3730,957,11
3731,957,17
3732,957,74
3733,957,82
3734,957,127
3735,957,135
3736,957,136
3737,957,139
3738,957,141
3739,957,157
3740,957,203
3741,957,232
3742,957,240
3743,957,247
3744,957,252
3745,957,276
3746,957,293
3747,957,304
3748,957,312
3749,957,330
3750,960,11
3751,960,17
3752,960,74
3753,960,82
3754,960,127
3755,960,135
3756,960,136
3757,960,139
3758,960,141
3759,960,157
3760,960,203
3761,960,232
3762,960,240
3763,960,247
3764,960,252
3765,960,276
3766,960,293
3767,960,304
3768,960,312
3769,960,330
3770,961,11
3771,961,17
3772,961,74
3773,961,82
3774,961,127
3775,961,135
3776,961,136
3777,961,139
3778,961,141
3779,961,157
3780,961,203
3781,961,232
3782,961,240
3783,961,247
3784,961,252
3785,961,276
3786,961,293
3787,961,304
3788,961,312
3789,961,330
3790,968,11
3791,968,17
3792,968,74
3793,968,82
3794,968,127
3795,968,135
3796,968,136
3797,968,139
3798,968,141
3799,968,157
3800,968,203
3801,968,232
3802,968,240
3803,968,247
3804,968,252
3805,968,276
3806,968,293
3807,968,304
3808,968,312
3809,968,330
3810,984,11
3811,984,17
3812,984,74
3813,984,82
3814,984,127
3815,984,135
3816,984,136
3817,984,139
3818,984,141
3819,984,157
3820,984,203
3821,984,232
3822,984,240
3823,984,247
3824,984,252
3825,984,276
3826,984,293
3827,984,304
3828,984,312
3829,984,330
3830,988,11
3831,988,17
3832,988,74
3833,988,82
3834,988,127
3835,988,135
3836,988,136
3837,988,139
3838,988,141
3839,988,157
3840,988,203
3841,988,232
3842,988,240
3843,988,247
3844,988,252
3845,988,276
3846,988,293
3847,988,304
3848,988,312
3849,988,330
3850,994,11
3851,994,17
3852,994,74
3853,994,82
3854,994,127
3855,994,135
3856,994,136
3857,994,139
3858,994,141
3859,994,157
3860,994,203
3861,994,232
3862,994,240
3863,994,247
3864,994,252
3865,994,276
3866,994,293
3867,994,304
3868,994,312
3869,994,330
3870,995,11
3871,995,17
3872,995,74
3873,995,82
3874,995,127
3875,995,135
3876,995,136
3877,995,139
3878,995,141
3879,995,157
3880,995,203
3881,995,232
3882,995,240
3883,995,247
3884,995,252
3885,995,276
3886,995,293
3887,995,304
3888,995,312
3889,995,330
3890,998,11
3891,998,17
3892,998,74
3893,998,82
3894,998,127
3895,998,135
3896,998,136
3897,998,139
3898,998,141
3899,998,157
3900,998,203
3901,998,232
3902,998,240
3903,998,247
3904,998,252
3905,998,276
3906,998,293
3907,998,304
3908,998,312
3909,998,330
3910,1016,11
3911,1016,17
3912,1016,74
3913,1016,82
3914,1016,127
3915,1016,135
3916,1016,136
3917,1016,139
3918,1016,141
3919,1016,157
3920,1016,203
3921,1016,232
3922,1016,240
3923,1016,247
3924,1016,252
3925,1016,276
3926,1016,293
3927,1016,304
3928,1016,312
3929,1016,330
3930,1017,11
3931,1017,17
3932,1017,74
3933,1017,82
3934,1017,127
3935,1017,135
3936,1017,136
3937,1017,139
3938,1017,141
3939,1017,157
3940,1017,203
3941,1017,232
3942,1017,240
3943,1017,247
3944,1017,252
3945,1017,276
3946,1017,293
3947,1017,304
3948,1017,312
3949,1017,330
3950,1022,11
3951,1022,17
3952,1022,74
3953,1022,82
3954,1022,127
3955,1022,135
3956,1022,136
3957,1022,139
3958,1022,141
3959,1022,157
3960,1022,203
3961,1022,232
3962,1022,240
3963,1022,247
3964,1022,252
3965,1022,276
3966,1022,293
3967,1022,304
3968,1022,312
3969,1022,330
3970,1024,11
3971,1024,17
3972,1024,74
3973,1024,82
3974,1024,127
3975,1024,135
3976,1024,136
3977,1024,139
3978,1024,141
3979,1024,157
3980,1024,203
3981,1024,232
3982,1024,240
3983,1024,247
3984,1024,252
3985,1024,276
3986,1024,293
3987,1024,304
3988,1024,312
3989,1024,330
3990,1035,11
3991,1035,17
3992,1035,74
3993,1035,82
3994,1035,127
3995,1035,135
3996,1035,136
3997,1035,139
3998,1035,141
3999,1035,157
4000,1035,203
4001,1035,232
4002,1035,240
4003,1035,247
4004,1035,252
4005,1035,276
4006,1035,293
4007,1035,304
4008,1035,312
4009,1035,330
4010,1037,11
4011,1037,17
4012,1037,74
4013,1037,82
4014,1037,127
4015,1037,135
4016,1037,136
4017,1037,139
4018,1037,141
4019,1037,157
4020,1037,203
4021,1037,232
4022,1037,240
4023,1037,247
4024,1037,252
4025,1037,276
4026,1037,293
4027,1037,304
4028,1037,312
4029,1037,330
4030,1038,11
4031,1038,17
4032,1038,74
4033,1038,82
4034,1038,127
4035,1038,135
4036,1038,136
4037,1038,139
4038,1038,141
4039,1038,157
4040,1038,203
4041,1038,232
4042,1038,240
4043,1038,247
4044,1038,252
4045,1038,276
4046,1038,293
4047,1038,304
4048,1038,312
4049,1038,330
4050,1045,11
4051,1045,17
4052,1045,74
4053,1045,82
4054,1045,127
4055,1045,135
4056,1045,136
4057,1045,139
4058,1045,141
4059,1045,157
4060,1045,203
4061,1045,232
4062,1045,240
4063,1045,247
4064,1045,252
4065,1045,276
4066,1045,293
4067,1045,304
4068,1045,312
4069,1045,330
4070,1058,11
4071,1058,17
4072,1058,74
4073,1058,82
4074,1058,127
4075,1058,135
4076,1058,136
4077,1058,139
4078,1058,141
4079,1058,157
4080,1058,203
4081,1058,232
4082,1058,240
4083,1058,247
4084,1058,252
4085,1058,276
4086,1058,293
4087,1058,304
4088,1058,312
4089,1058,330
4090,1059,11
4091,1059,17
4092,1059,74
4093,1059,82
4094,1059,127
4095,1059,135
4096,1059,136
4097,1059,139
4098,1059,141
4099,1059,157
4100,1059,203
4101,1059,232
4102,1059,240
4103,1059,247
4104,1059,252
4105,1059,276
4106,1059,293
4107,1059,304
4108,1059,312
4109,1059,330
4110,558,6
4111,558,99
4112,558,124
4113,558,128
4114,558,131
4115,558,142
4116,558,189
4117,558,301
4118,558,306
4119,561,6
4120,561,99
4121,561,124
4122,561,128
4123,561,131
4124,561,142
4125,561,189
4126,561,301
4127,561,306
4128,603,6
4129,603,99
4130,603,124
4131,603,128
4132,603,131
4133,603,142
4134,603,189
4135,603,301
4136,603,306
4137,604,6
4138,604,99
4139,604,124
4140,604,128
4141,604,131
4142,604,142
4143,604,189
4144,604,301
4145,604,306
4146,621,6
4147,621,99
4148,621,124
4149,621,128
4150,621,131
4151,621,142
4152,621,189
4153,621,301
4154,621,306
4155,625,6
4156,625,99
4157,625,124
4158,625,128
4159,625,131
4160,625,142
4161,625,189
4162,625,301
4163,625,306
4164,668,6
4165,668,99
4166,668,124
4167,668,128
4168,668,131
4169,668,142
4170,668,189
4171,668,301
4172,668,306
4173,679,6
4174,679,99
4175,679,124
4176,679,128
4177,679,131
4178,679,142
4179,679,189
4180,679,301
4181,679,306
4182,699,6
4183,699,99
4184,699,124
4185,699,128
4186,699,131
4187,699,142
4188,699,189
4189,699,301
4190,699,306
4191,870,6
4192,870,99
4193,870,124
4194,870,128
4195,870,131
4196,870,142
4197,870,189
4198,870,301
4199,870,306
4200,893,6
4201,893,99
4202,893,124
4203,893,128
4204,893,131
4205,893,142
4206,893,189
4207,893,301
4208,893,306
4209,918,6
4210,918,99
4211,918,124
4212,918,128
4213,918,131
4214,918,142
4215,918,189
4216,918,301
4217,918,306
4218,927,6
4219,927,99
4220,927,124
4221,927,128
4222,927,131
4223,927,142
4224,927,189
4225,927,301
4226,927,306
4227,928,6
4228,928,99
4229,928,124
4230,928,128
4231,928,131
4232,928,142
4233,928,189
4234,928,301
4235,928,306
4236,939,6
4237,939,99
4238,939,124
4239,939,128
4240,939,131
4241,939,142
4242,939,189
4243,939,301
4244,939,306
4245,944,6
4246,944,99
4247,944,124
4248,944,128
4249,944,131
4250,944,142
4251,944,189
4252,944,301
4253,944,306
4254,956,6
4255,956,99
4256,956,124
4257,956,128
4258,956,131
4259,956,142
4260,956,189
4261,956,301
4262,956,306
4263,963,6
4264,963,99
4265,963,124
4266,963,128
4267,963,131
4268,963,142
4269,963,189
4270,963,301
4271,963,306
4272,981,6
4273,981,99
4274,981,124
4275,981,128
4276,981,131
4277,981,142
4278,981,189
4279,981,301
4280,981,306
4281,579,32
4282,579,49
4283,579,67
4284,579,75
4285,579,100
4286,579,125
4287,579,126
4288,579,212
4289,579,233
4290,579,260
4291,579,264
4292,579,269
4293,579,273
4294,584,32
4295,584,49
4296,584,67
4297,584,75
4298,584,100
4299,584,125
4300,584,126
4301,584,212
4302,584,233
4303,584,260
4304,584,264
4305,584,269
4306,584,273
4307,588,32
4308,588,49
4309,588,67
4310,588,75
4311,588,100
4312,588,125
4313,588,126
4314,588,212
4315,588,233
4316,588,260
4317,588,264
4318,588,269
4319,588,273
4320,605,32
4321,605,49
4322,605,67
4323,605,75
4324,605,100
4325,605,125
4326,605,126
4327,605,212
4328,605,233
4329,605,260
4330,605,264
4331,605,269
4332,605,273
4333,607,32
4334,607,49
4335,607,67
4336,607,75
4337,607,100
4338,607,125
4339,607,126
4340,607,212
4341,607,233
4342,607,260
4343,607,264
4344,607,269
4345,607,273
4346,629,32
4347,629,49
4348,629,67
4349,629,75
4350,629,100
4351,629,125
4352,629,126
4353,629,212
4354,629,233
4355,629,260
4356,629,264
4357,629,269
4358,629,273
4359,750,32
4360,750,49
4361,750,67
4362,750,75
4363,750,100
4364,750,125
4365,750,126
4366,750,212
4367,750,233
4368,750,260
4369,750,264
4370,750,269
4371,750,273
4372,765,32
4373,765,49
4374,765,67
4375,765,75
4376,765,100
4377,765,125
4378,765,126
4379,765,212
4380,765,233
4381,765,260
4382,765,264
4383,765,269
4384,765,273
4385,780,32
4386,780,49
4387,780,67
4388,780,75
4389,780,100
4390,780,125
4391,780,126
4392,780,212
4393,780,233
4394,780,260
4395,780,264
4396,780,269
4397,780,273
4398,791,32
4399,791,49
4400,791,67
4401,791,75
4402,791,100
4403,791,125
4404,791,126
4405,791,212
4406,791,233
4407,791,260
4408,791,264
4409,791,269
4410,791,273
4411,832,32
4412,832,49
4413,832,67
4414,832,75
4415,832,100
4416,832,125
4417,832,126
4418,832,212
4419,832,233
4420,832,260
4421,832,264
4422,832,269
4423,832,273
4424,879,32
4425,879,49
4426,879,67
4427,879,75
4428,879,100
4429,879,125
4430,879,126
4431,879,212
4432,879,233
4433,879,260
4434,879,264
4435,879,269
4436,879,273
4437,887,32
4438,887,49
4439,887,67
4440,887,75
4441,887,100
4442,887,125
4443,887,126
4444,887,212
4445,887,233
4446,887,260
4447,887,264
4448,887,269
4449,887,273
4450,1012,32
4451,1012,49
4452,1012,67
4453,1012,75
4454,1012,100
4455,1012,125
4456,1012,126
4457,1012,212
4458,1012,233
4459,1012,260
4460,1012,264
4461,1012,269
4462,1012,273
4463,1030,32
4464,1030,49
4465,1030,67
4466,1030,75
4467,1030,100
4468,1030,125
4469,1030,126
4470,1030,212
4471,1030,233
4472,1030,260
4473,1030,264
4474,1030,269
4475,1030,273
4476,1053,32
4477,1053,49
4478,1053,67
4479,1053,75
4480,1053,100
4481,1053,125
4482,1053,126
4483,1053,212
4484,1053,233
4485,1053,260
4486,1053,264
4487,1053,269
4488,1053,273
4489,582,3
4490,582,36
4491,582,54
4492,582,71
4493,582,122
4494,582,174
4495,582,190
4496,582,200
4497,582,202
4498,582,208
4499,582,218
4500,582,267
4501,653,3
4502,653,36
4503,653,54
4504,653,71
4505,653,122
4506,653,174
4507,653,190
4508,653,200
4509,653,202
4510,653,208
4511,653,218
4512,653,267
4513,671,3
4514,671,36
4515,671,54
4516,671,71
4517,671,122
4518,671,174
4519,671,190
4520,671,200
4521,671,202
4522,671,208
4523,671,218
4524,671,267
4525,714,3
4526,714,36
4527,714,54
4528,714,71
4529,714,122
4530,714,174
4531,714,190
4532,714,200
4533,714,202
4534,714,208
4535,714,218
4536,714,267
4537,767,3
4538,767,36
4539,767,54
4540,767,71
4541,767,122
4542,767,174
4543,767,190
4544,767,200
4545,767,202
4546,767,208
4547,767,218
4548,767,267
4549,789,3
4550,789,36
4551,789,54
4552,789,71
4553,789,122
4554,789,174
4555,789,190
4556,789,200
4557,789,202
4558,789,208
4559,789,218
4560,789,267
4561,871,3
4562,871,36
4563,871,54
4564,871,71
4565,871,122
4566,871,174
4567,871,190
4568,871,200
4569,871,202
4570,871,208
4571,871,218
4572,871,267
4573,978,3
4574,978,36
4575,978,54
4576,978,71
4577,978,122
4578,978,174
4579,978,190
4580,978,200
4581,978,202
4582,978,208
4583,978,218
4584,978,267
4585,985,3
4586,985,36
4587,985,54
4588,985,71
4589,985,122
4590,985,174
4591,985,190
4592,985,200
4593,985,202
4594,985,208
4595,985,218
4596,985,267
4597,587,178
4598,587,201
4599,587,272
4600,587,324
4601,598,178
4602,598,201
4603,598,272
4604,598,324
4605,639,178
4606,639,201
4607,639,272
4608,639,324
4609,642,178
4610,642,201
4611,642,272
4612,642,324
4613,646,178
4614,646,201
4615,646,272
4616,646,324
4617,660,178
4618,660,201
4619,660,272
4620,660,324
4621,700,178
4622,700,201
4623,700,272
4624,700,324
4625,712,178
4626,712,201
4627,712,272
4628,712,324
4629,722,178
4630,722,201
4631,722,272
4632,722,324
4633,741,178
4634,741,201
4635,741,272
4636,741,324
4637,910,178
4638,910,201
4639,910,272
4640,910,324
4641,920,178
4642,920,201
4643,920,272
4644,920,324
4645,923,178
4646,923,201
4647,923,272
4648,923,324
4649,934,178
4650,934,201
4651,934,272
4652,934,324
4653,1032,178
4654,1032,201
4655,1032,272
4656,1032,324
4657,1047,178
4658,1047,201
4659,1047,272
4660,1047,324
4661,1057,178
4662,1057,201
4663,1057,272
4664,1057,324
4665,1066,178
4666,1066,201
4667,1066,272
4668,1066,324
4669,602,173
4670,602,266
4671,602,287
4672,602,300
4673,618,191
4674,618,256
4675,661,191
4676,661,256
4677,925,191
4678,925,256
4679,940,191
4680,940,256
4681,663,39
4682,663,150
4683,677,39
4684,677,150
4685,751,19
4686,751,68
4687,751,97
4688,813,19
4689,813,68
4690,813,97
4691,819,19
4692,819,68
4693,819,97
4694,856,19
4695,856,68
4696,856,97
4697,862,19
4698,862,68
4699,862,97
4700,901,19
4701,901,68
4702,901,97
4703,1008,149
4704,1008,177
4705,1008,184
4706,1031,149
4707,1031,177
4708,1031,184
